,x,
1,Sntg1,BAIAP2L1
2,3110035E14Rik,PGLYRP1
3,Eya1,CD4
4,B3gat2,PPP1R3F
5,Col19a1,CLDN11
6,Bai3,CTTNBP2
7,Gm20172,CEACAM1
8,Khdrbs2,BCL3
9,Lonrf2,TRIP13
10,Il1rl2,NTN1
11,2900092D14Rik,CLIC5
12,1500015O10Rik,PILRA
13,Myo1b,ITGB4
14,Pgap1,ADAM11
15,Sgol2,XYLB
16,2810408I11Rik,CDC6
17,Stk36,RAB26
18,Tuba4a,SEMA4G
19,Tmem198,GADD45B
20,Dner,SERPIND1
21,Efhd1,PDXP
22,Kcnj13,ASPHD2
23,Hjurp,LGALS1
24,Sh3bp4,SRRD
25,Neu4,CENPM
26,Cdh20,PYGL
27,Cdh19,AURKA
28,Tfcp2l1,SLCO4A1
29,Inhbb,PLLP
30,Steap3,MMP15
31,Lypd1,WFDC1
32,Tmem163,CRYM
33,Cd55,TOX3
34,Lrrn2,OIP5
35,Nav1,CD79A
36,Aspm,SLC5A5
37,Fam5c,CLIP2
38,E330020D12Rik,TNFSF8
39,Cacna1e,CCL2
40,Tnr,CD38
41,F5,CCND1
42,Mpzl1,PANX1
43,Uck2,ASIC1
44,Nuf2,CSRNP2
45,Gm7694,MYL2
46,Olfml2b,RAD51AP1
47,1700009P17Rik,HCFC2
48,Pcp4l1,ULBP1
49,Fcer1g,FANCE
50,Adamts4,B3GAT2
51,Pvrl4,LAMA4
52,F11r,HBEGF
53,Vangl2,LOX
54,Slamf9,PCDHB5
55,Cadm3,PCDHB7
56,Rgs7,IL12B
57,Exo1,SLC7A14
58,1700047M11Rik,GNB4
59,Susd4,KCNJ13
60,Kcnk2,BCL9
61,Cenpf,SELL
62,Prox1,TTR
63,Nsl1,STBD1
64,Dtl,GDA
65,Nek2,TMEM180
66,Hhat,LRP11
67,Rmnd1,PCDHB14
68,Ulbp1,EGR1
69,D10Bwg1379e,SORBS3
70,Perp,TSHZ3
71,Pde7b,PLBD1
72,Snord100,BHLHE41
73,Enpp1,CD97
74,Rspo3,RAB9B
75,Lama4,TNFAIP6
76,Wasf1,PTGIS
77,Ppil6,MOCS3
78,Scml4,SOX4
79,Bend3,SH3TC1
80,Grik2,EFNB2
81,Slc35f1,PTGER2
82,Lrrc20,TNFSF9
83,H2afy2,C3
84,Lrrtm3,CD93
85,Slc16a9,TLE6
86,Pcdh15,CCR7
87,Chchd10,CFP
88,Col18a1,OMG
89,Apc2,SYNGR3
90,Lmnb2,TUBA4A
91,Pias4,SEZ6L
92,Atcay,STRIP2
93,Tle6,LRRC4
94,Zfp781,FAM64A
95,Slc41a2,CDO1
96,Aldh1l2,IGSF21
97,Syn3,NCAPG
98,BC030307,PCDHGC5
99,Tyms-ps,KRT1
100,4930547N16Rik,PLVAP
101,Ano4,PXDN
102,Gas2l3,SESN2
103,Tmtc2,HIP1R
104,Phlda1,LRP3
105,Kcnmb4,C1QL1
106,Srgap1,NAPSA
107,Fam19a2,RARA
108,Slc16a7,PPP1R1B
109,Nab2,NR0B2
110,Timeless,LGALS3
111,Ikzf4,PER2
112,Mmp19,SERPINF1
113,Tmem198b,CLEC10A
114,Rdh5,JAG1
115,Itga7,ZSWIM3
116,Smtn,SYT4
117,Kremen1,MICAL2
118,Nacad,TEX15
119,Igfbp3,RNF122
120,Fignl1,DUSP26
121,Meis1,UNC79
122,Sh3pxd2b,CCNB1
123,Fam196b,BHLHE40
124,Ccdc99,CHL1
125,Odz2,ANO3
126,Hmmr,EMP1
127,C030019I05Rik,RERG
128,Trim7,RAB33A
129,Ltc4s,PDGFRA
130,Zfp354b,SEMA6A
131,Zfp354a,ADAM19
132,Fstl4,RNFT2
133,Slc22a21,RDH5
134,Zfp692,TROAP
135,Hist3h2ba,MIP
136,A230051G13Rik,KCNMB4
137,Shmt1,HTR2B
138,Slc47a1,ALDH1L2
139,Cenpv,PLXNC1
140,Ntn1,SLC41A2
141,Tmem88,NUDT15
142,Tnfsf13,BRIP1
143,Kctd11,IL1RN
144,Asgr1,RALGPS1
145,Slc16a11,NOV
146,Wscd1,TTBK1
147,Fam64a,IER3
148,Aspa,RNF144B
149,Efcab5,TLR2
150,Ankrd13b,KIF23
151,Dhrs13,GCHFR
152,Spag5,ARHGAP29
153,Omg,ADCY3
154,Ccl2,KIF11
155,Tmem132e,SLC16A7
156,Myo19,CCND2
157,Brip1,FAM189A1
158,Tubd1,XYLT1
159,Prr11,VWF
160,C030037D09Rik,ENOX1
161,Samd14,CDK2AP1
162,Ppp1r1b,CUX2
163,Cdc6,PARP16
164,Etv4,SEMA7A
165,Mpp3,IKZF4
166,2810433D01Rik,RAB27B
167,Adam11,ZDHHC2
168,C1ql1,MSR1
169,1700052K11Rik,CACNG4
170,Cyb561,CDH19
171,Cd79b,PRR11
172,1810010H24Rik,CHTF18
173,Cacng4,SLC1A1
174,Cacng5,CRISPLD2
175,Abca8b,GINS1
176,2610035D17Rik,ZC3H3
177,AF251705,DOK5
178,Cdr2l,TYROBP
179,Caskin2,CDH20
180,2210020M01Rik,RPS6KA6
181,Itgb4,KCNN4
182,Gm11744,PIAS4
183,Tk1,ASPA
184,Aatk,ITGAE
185,Bahcc1,PRKCQ
186,Pycr1,KIF18A
187,Kif3c,NOVA2
188,Adcy3,PLEKHA4
189,A830093I24Rik,IL1B
190,BC068281,SPTBN4
191,Sdc1,IL27RA
192,Tubb2a-ps2,ATP2B3
193,Fam84a,TANC1
194,Sox11,TFCP2L1
195,Pxdn,LNX1
196,Sostdc1,STK17B
197,Lrrn3,USP13
198,Nova1,PVRL1
199,Foxg1,GPC1
200,Npas3,EFHD1
201,Mis18bp1,TUBB4A
202,Mdga2,KYNU
203,Atl1,POLQ
204,Syt16,CD80
205,1700086L19Rik,IL1RL2
206,Dbpht2,ADAM23
207,Spnb1,PRKG2
208,Galntl1,GUCY1B3
209,Slc8a3,CDH10
210,Prox2,KIF3C
211,Fos,ITGA9
212,Nrxn3,OLFM2
213,Kcnk13,MAP3K13
214,Unc79,CDH6
215,Serpina3n,VCAN
216,Dlk1,CENPE
217,Xrcc3,EGF
218,Pld4,NME5
219,Ptprn2,IQCG
220,Akr1e1,SPDL1
221,Zkscan4,FSTL4
222,Zfp184,PIP5K1B
223,Hist1h2ab,STAP1
224,Sox4,TFEC
225,A330102I10Rik,PON3
226,Slc22a23,ANK1
227,1300014I06Rik,ABCB4
228,Rnf144b,BRINP1
229,S1pr3,KCNC1
230,Shc3,DOCK3
231,Cks2,PHLDA1
232,Arl10,ITGB7
233,Gprin1,DISP2
234,Tifab,CDH13
235,6720489N17Rik,CDH2
236,Gm5141,ASGR1
237,Zfp759,RNF165
238,BC048507,IGFBP4
239,Adcy2,CALR3
240,Srd5a1,LMTK3
241,Lpcat1,SLC47A1
242,Trip13,SLC44A3
243,Vcan,NUF2
244,4833422C13Rik,S100A11
245,Serinc5,GALM
246,Ankdd1b,MEIS1
247,Serf1,CCNA2
248,Ocln,SRD5A1
249,Cenph,PLK2
250,Ccnb1,IQGAP2
251,Rnf180,ARHGAP26
252,Dlg5,PCYOX1L
253,4931406H21Rik,LRRTM2
254,Grid1,TRIM7
255,Styx,PLA2G7
256,Cdkn3,FGD2
257,3632451O06Rik,DLC1
258,Il17d,CDKN2B
259,F630043A04Rik,ZNF462
260,Sacs,SLC43A1
261,Fam124a,TENM4
262,Pbk,CAPN5
263,Esco2,ROM1
264,Cdca2,NINL
265,Bmp1,FAM124A
266,Lgi3,PRSS53
267,Hr,CCRN4L
268,Nudt15,KCNA6
269,Kctd4,ANK3
270,Enox1,KHDRBS2
271,Pcdh17,PTPRO
272,Pcdh9,TMEM163
273,6720463M24Rik,SPC25
274,Slitrk1,KCNK13
275,Slitrk5,FLT1
276,Cdh6,IGSF10
277,Cdh10,GRIA4
278,Sema5a,CENPH
279,Tspyl5,SCN3A
280,Pop1,LPCAT1
281,Fzd6,JAZF1
282,Csmd3,SEMA3D
283,Aard,ATP8B4
284,Nov,ADAMTS5
285,Dscc1,SKA1
286,Trib1,CCDC146
287,Kcnq3,CSF1R
288,Bai1,MMP16
289,Zfp41,BATF
290,Rhpn1,NAAA
291,Zc3h3,CXCL13
292,Zfp623,LHFPL4
293,Foxred2,B3GNT7
294,Mpst,ZFYVE9
295,C1qtnf6,KIT
296,Elfn2,MYO1E
297,Sox10,DGKI
298,Gm10863,SMAD6
299,Cenpm,RHPN1
300,Scube1,FCER1G
301,1810041L15Rik,CELF3
302,Wnt7b,TRIM62
303,Gtse1,NR2F6
304,Cpne8,RSPH1
305,Pus7l,CCR2
306,Zfp641,LTC4S
307,Fkbp11,COX7A1
308,Accn2,CELA1
309,Csrnp2,WDR90
310,Cela1,CCDC78
311,Acvr1b,SOX8
312,Krt1,PDZK1IP1
313,Zfp174,PTCHD2
314,Dnase1,CAPN2
315,Fam18a,LRRTM1
316,Cebpd,FAM84A
317,Ypel1,FRZB
318,Serpind1,INHBB
319,Aifm3,COL6A3
320,Cdc45,STK36
321,Map6d1,CCR1
322,Map3k13,POC1A
323,Il1rap,PRSS12
324,1600021P15Rik,GRIA2
325,Ccdc14,IL15
326,Mylk,ENPP6
327,Sema5b,TNFRSF21
328,Polq,STEAP1
329,Mir568,FABP5
330,C330027C09Rik,SLC13A4
331,Rbm11,LMTK2
332,Ncam2,RGS20
333,Adamts5,CSMD3
334,Dscam,NFIL3
335,A630089N07Rik,ANKS6
336,Zdhhc14,FOLR2
337,Dynlt1a,FRMD7
338,Gm16702,GAS1
339,Pde10a,CAPRIN2
340,Zfp948,C1QL3
341,Gm16386,JAM3
342,Ccnf,LARP6
343,Rab26,TMEM132B
344,Syngr3,C2
345,Noxo1,DCHS1
346,Tmem204,CENPV
347,Cacna1h,TVP23A
348,Sox8,ANPEP
349,Chtf18,PLK1
350,Ccdc78,ZBTB39
351,Wdr90,NAB2
352,Fance,TPX2
353,Pi16,CD3D
354,Fgd2,ZNF428
355,Rsph1,SPINT2
356,Zfp811,ZFP28
357,Zfp101,TMEM88
358,Kifc1,TK1
359,C4b,LTBP3
360,Tnfrsf21,BATF2
361,Slc25a27,C3AR1
362,Clic5,TMEM154
363,Ttbk1,ZNF25
364,Ptk7,EMB
365,Sema6b,LGI3
366,Lama1,PYGO1
367,Galm,BUB1
368,Greb1l,FAM84B
369,Cdh2,IGF1
370,Ttr,ARAP2
371,Syt4,SH3D19
372,Gpr17,IL17D
373,Nme5,AFAP1L2
374,Kif20a,SCN1A
375,Egr1,DCLK2
376,Lrrtm2,FAM171B
377,Cd14,CD14
378,Pcdhb5,P2RY1
379,Pcdhb7,SOSTDC1
380,Pcdhb9,CKAP2L
381,Pcdhb11,TUB
382,Pcdhb14,BMP1
383,Pcdhb16,GPRIN1
384,Pcdhb17,OTUD7A
385,Pcdhb19,PAM
386,Pcdhb20,GRM5
387,Pcdhga4,FOS
388,Pcdhga5,SHCBP1
389,Pcdhgb6,AVEN
390,Pcdhgb7,CXCL11
391,Pcdhgc4,PCDHGC4
392,Pcdhgc5,ESCO2
393,Gm4013,P2RY12
394,Stk32a,SNCB
395,Dpysl3,AMZ1
396,Ccdc112,PODN
397,Sema6a,MLKL
398,Lox,GPR171
399,Ctxn3,ARL10
400,Fbn2,APITD1
401,Csf1r,GMPPB
402,Pcyox1l,PTPN7
403,Sh3tc2,OLR1
404,Fam38b,BCL2L14
405,Ccbe1,TRAM1L1
406,Tubb6,KLF7
407,Rab27b,SH3PXD2B
408,4930503L19Rik,MIS18BP1
409,Dcc,ADAT1
410,Ska1,TMEM255A
411,Rnf165,PPP1R14B
412,8030462N17Rik,REP15
413,Pstpip2,XCR1
414,Sall3,SLC16A11
415,Fam69c,PDE7B
416,Neto1,B4GALT2
417,Ppp1r14b,FANCI
418,2700081O15Rik,STOX2
419,Slc22a6,CTSW
420,Rom1,ZWILCH
421,Pip5k1b,SPSB4
422,Slc1a1,TRIB1
423,Prkg1,CSPG4
424,Kif20b,TMEM136
425,Kif11,MID1
426,Cep55,FAM109B
427,Sema4g,CLSPN
428,Tmem180,NETO1
429,Sufu,DAB2
430,Afap1l2,MMP19
431,Gfra1,ATP10B
432,Mcm10,UACA
433,Sfmbt2,MAP6D1
434,Itga8,IL1RAP
435,C1ql3,ANGPT2
436,Arl5b,LRRN1
437,Mastl,RPRM
438,Grin1,DSCAML1
439,Slc2a6,METRNL
440,Ppp1r26,TMEM132E
441,Gbgt1,PLXND1
442,Pomt1,CSRNP3
443,Ralgps1,LDLRAD3
444,Lrp1b,TUBB6
445,Tnfaip6,SHMT1
446,Rprm,ICOS
447,Fign,KCND3
448,Scn3a,GPR4
449,Csrnp3,CD276
450,Scn1a,DYNC1I1
451,Spc25,NEU4
452,Itga6,TUBD1
453,Osbpl6,RNF144A
454,Sestd1,ASB4
455,Frzb,CDC25C
456,Fam171b,MEOX1
457,Slc43a1,ETV4
458,Abtb2,DSCC1
459,Tcp11l1,TMTC2
460,Ccdc73,FAM20C
461,Kif18a,SIAH2
462,Ano3,SOX11
463,Disp2,POLE
464,Casc5,TSPYL5
465,Gchfr,MYCBPAP
466,Oip5,CD6
467,Shc4,SPAG5
468,Bub1,SNX22
469,Ckap2l,PALM2
470,4932416H05Rik,PLEC
471,A730017L22Rik,KIF15
472,Pak7,AATK
473,Jag1,APOLD1
474,Cd93,MYO1D
475,3300002I08Rik,LRCH2
476,Gins1,CASKIN2
477,Ninl,PTPRCAP
478,Sox12,GJC3
479,Tpx2,SAMD9L
480,Dusp15,LRIG3
481,8430427H17Rik,LMNB2
482,Ggt7,EHD3
483,Dsn1,CCT6B
484,Ptprt,ENSG00000181638
485,Matn4,CSF1
486,Zswim3,IL20RB
487,Zfp334,TRAIP
488,Sulf2,TNFRSF18
489,Snord12,CDCA2
490,Ptgis,KCTD11
491,Tshz2,GPR132
492,Dok5,HOXB4
493,Aurka,FAM132A
494,Cdh4,H1FX
495,Ss18l1,SHC4
496,Slco4a1,CPNE8
497,Chrna4,MEX3B
498,Gm9833,HIST1H1B
499,Car13,GRID1
500,2610100L16Rik,SOCS3
501,Nlgn1,MAPK8IP2
502,Egfem1,RTN4RL1
503,Slc7a14,OPCML
504,Gnb4,KREMEN1
505,Usp13,RAB11FIP1
506,Ccna2,ALAS2
507,Spry1,NDN
508,Ccrn4l,LRRC8B
509,Postn,SS18L1
510,Siah2,KCND2
511,F630111L10Rik,FIGN
512,P2ry12,DUSP18
513,Igsf10,BTLA
514,P2ry1,SPIN4
515,Schip1,CACNA1H
516,Ppm1l,LYPD6
517,Gria2,TRIM46
518,Tlr2,CCDC73
519,Dclk2,CDKN3
520,Crabp2,CASC5
521,Nes,TCP11L1
522,Iqgap3,CDR2L
523,1500004A13Rik,GALNT16
524,Trim46,HIP1
525,Celf3,UNC119
526,Car14,NLRP3
527,Hist2h3b,FAM60A
528,Bcl9,DCX
529,Zfp697,MMP25
530,Dennd2c,ZBTB16
531,Syt6,LMO1
532,Kcnd3,STX3
533,6530418L21Rik,C1QTNF6
534,Slc16a4,GGT7
535,Atxn7l2,FOXG1
536,Psrc1,PLAUR
537,Ntng1,KCTD21
538,Col11a1,DPYSL4
539,Slc44a3,DLK1
540,Abca4,ARHGEF10
541,Bcar3,ACVR2B
542,Prss12,LRRC25
543,Tram1l1,WNT7B
544,Ugt8a,SIGLEC1
545,Egf,GSPT2
546,Col25a1,DUSP15
547,Npnt,TCTEX1D4
548,Cenpe,FOXM1
549,Cyr61,EYA1
550,Ak5,YPEL1
551,St6galnac5,ADCY2
552,4922501L14Rik,SBK1
553,4930570G19Rik,TNFSF13
554,Ccne2,TMEM198
555,Mmp16,DPYSL3
556,Klhl32,SUSD4
557,4933421O10Rik,DOK4
558,Cnr1,FAM69C
559,2310028H24Rik,CCDC37
560,Cd72,NFASC
561,Anks6,FBLN5
562,Galnt12,GSTO2
563,Col15a1,IMPDH1
564,E130309F12Rik,APOD
565,Zfp462,DNER
566,6430704M03Rik,PTGES2
567,Palm2,SPRED3
568,Dbc1,ASCL4
569,Megf9,PDE4D
570,C630043F03Rik,ZC3H7B
571,Haus6,ANXA2
572,Cdkn2a,AK5
573,Cdkn2b,STYX
574,Gm12657,OCA2
575,Podn,FYN
576,Orc1,PCDHB11
577,Zfyve9,PGAP1
578,Rab3b,FN1
579,Elavl4,SERF1A
580,Bend5,SRGAP1
581,Gm12824,OCLN
582,Stil,LINGO1
583,Zswim5,GFRA1
584,Kif2c,SOX12
585,B4galt2,COL18A1
586,Cdca8,DPF1
587,Grik3,VAT1
588,Eif2c4,CLEC12A
589,Clspn,LRRC20
590,Trim62,NPAS3
591,Hpca,AMICA1
592,Marcksl1,UBE2C
593,Bai2,RSPO3
594,Col16a1,PPP1R26
595,Nkain1,CACNA2D1
596,Sesn2,IGF2R
597,Gpn2,ARG1
598,Ubxn11,PTRF
599,Zbtb40,ELAVL4
600,Rap1gap,ZDHHC9
601,Pla2g5,REPS2
602,Klhdc7a,DENND2D
603,Igsf21,SGOL2
604,Fv1,SEMA4F
605,Ptchd2,ATL1
606,Angptl7,NLGN3
607,Apitd1,FZD6
608,Slc2a5,SYN3
609,Errfi1,GTPBP3
610,Vwa1,COL20A1
611,Fam132a,NLRC3
612,9430015G10Rik,MYOF
613,Agrn,XRCC2
614,Steap1,MPZL1
615,Sema3d,ZSWIM5
616,Cacna2d1,ZDHHC14
617,Ccdc146,RXRG
618,Lhfpl3,SULF2
619,AI506816,PTPRF
620,Xrcc2,MYLK
621,Dpp6,CASS4
622,Fam59b,SLC35F1
623,Sh3tc1,DPP4
624,Sorcs2,PAK3
625,Nsg1,SCUBE1
626,Fgfbp1,ENPP1
627,Ncapg,IQGAP3
628,3110047P20Rik,FAM109A
629,Rbm47,PHLDB1
630,Lnx1,CALD1
631,Kit,CXCL9
632,C530008M17Rik,NOS1AP
633,Lphn3,LRRTM3
634,Mthfd2l,TGM2
635,Naaa,SOX15
636,Cxcl13,OSGIN1
637,Prkg2,EXO1
638,D930016D06Rik,RGS7
639,Lrrc8b,ENAH
640,Brdt,CENPF
641,Ccdc18,PROX1
642,LOC100642166,NSL1
643,Zfp605,DTL
644,Pole,NEK2
645,Chek2,CD55
646,Srrd,FAM72A
647,Asphd2,LRRN2
648,Sez6l,SYNE1
649,Rnft2,NAV1
650,Fam109a,RMND1
651,Cux2,ASPM
652,Cdk2ap1,RGS18
653,Fam101a,BRINP3
654,Tmem132b,STX11
655,Zfp11,CACNA1E
656,2410018M08Rik,TNR
657,Clip2,F5
658,Srrm3,UCK2
659,Pilra,OLFML2B
660,Mblac1,ADAMTS4
661,Elfn1,PVRL4
662,Amz1,F11R
663,Fscn1,CD244
664,Baiap2l1,VANGL2
665,Zfp498,SLAMF9
666,Mtus2,CADM3
667,Alox5ap,NES
668,Kl,LRRC27
669,Peg10,S100A6
670,Pon3,ANXA9
671,Dync1i1,SCML4
672,Nxph1,ECM1
673,Cttnbp2,AIM1
674,Kcnd2,KLHL32
675,Lrrc4,ADRB1
676,Tspan33,RAB39B
677,Fam40b,CD2
678,Slc13a4,CNR1
679,Dgki,PLXNA3
680,D630045J12Rik,SLC16A4
681,Clec2l,ATXN7L2
682,Tbxas1,SUFU
683,Jazf1,PSRC1
684,Pde1c,FNDC7
685,Gadd45a,VAV3
686,Dnahc6,NTNG1
687,Lrrtm1,COL11A1
688,Lrrtm4,ABCA4
689,Sema4f,BCAR3
690,Fbxo41,CHRNA4
691,H1fx,LRRC8C
692,Kbtbd8,GBP6
693,Chl1,GBP5
694,Cntn4,SLITRK2
695,Lrrn1,BAI3
696,Lhfpl4,MBNL3
697,Hrh1,GSTA4
698,Zfp9,GADD45A
699,C3ar1,DHCR24
700,Cdca3,SLC25A27
701,Kcna1,RUNX2
702,Kcna6,CEP55
703,Rad51ap1,TSHZ2
704,Foxm1,GRIN1
705,Mansc1,ORC1
706,1190002F15Rik,RAB3B
707,Apold1,B4GALT5
708,Emp1,KIF20B
709,Gm8994,BEND5
710,C030030A07Rik,CH25H
711,Rerg,STIL
712,Ptpro,SLC2A6
713,Slco1c1,GBGT1
714,St8sia1,RALGDS
715,Bcat1,KIF2C
716,Rep15,POMT1
717,Tmtc1,CD40
718,Caprin2,DLG5
719,Shisa7,CDC20
720,Zfp583,MATN4
721,Zfp28,TCEAL6
722,Zik1,CENPI
723,Ccdc61,PCDH19
724,Nova2,CDCA8
725,Gpr4,GRIK3
726,Zfp235,PCDH11X
727,Zfp428,DACH2
728,Ceacam1,ZNF711
729,Mia1,PTPRT
730,Spnb4,AGO4
731,1700049G17Rik,H2AFY2
732,Spred3,ZDHHC15
733,2200002D01Rik,HPCA
734,Spint2,PIM1
735,Dpf1,MARCKSL1
736,Gm5113,BAI2
737,Cox7a1,COL16A1
738,Lrfn3,PI16
739,Tyrobp,CXCR3
740,Kctd15,FABP3
741,Lrp3,NKAIN1
742,Tshz3,GSN
743,Zfp619,TRAF1
744,9830147E19Rik,MEGF9
745,Gm5595,PCDH15
746,Lrrc4b,PRKG1
747,Plekha4,FGR
748,Lmtk3,GJB1
749,Kcnc1,GPN2
750,E2f8,UBXN11
751,A230056P14Rik,SLC7A3
752,Oca2,KIF4A
753,D7Ertd715e,ID3
754,Otud7a,PARD3
755,Fam189a1,COL15A1
756,Fanci,GALNT12
757,AI854517,PLA2G5
758,Kif7,F10
759,Zscan2,RND3
760,Mex3b,TMEM82
761,Gm2115,CKS2
762,Grm5,COL4A1
763,Fam181b,SHC3
764,Kctd21,S1PR3
765,Capn5,FAM155A
766,Gm4980,MASTL
767,Dchs1,NUDT11
768,Tub,NUDT10
769,Lmo1,CLCN5
770,Stk33,ID1
771,Trim66,FAM181B
772,Sox6,SHISA7
773,Xylt1,KIAA1217
774,Plk1,GNA14
775,Sult1a1,ANGPTL7
776,Fam57b,ANXA1
777,Zfp689,TMEM2
778,Bcl7c,SLITRK5
779,Fbxl19,SLITRK1
780,9130023H24Rik,ARL5B
781,Ppapdc1a,ZKSCAN4
782,Fam196a,FAM196B
783,Dpysl4,SLC2A5
784,Gpr123,ERRFI1
785,Sprn,TBC1D4
786,Eps8l2,HIST1H3D
787,Ccnd1,DPP6
788,Evi5l,PCDH9
789,BC068157,SLC22A6
790,Shcbp1,GPR153
791,Fam155a,PCDH17
792,Col4a1,GLIPR2
793,Ank1,AHNAK
794,Rnf122,NDP
795,Purg,ITGA8
796,Tex15,GPR34
797,D8Ertd82e,AARD
798,Dlc1,PAK7
799,Odz3,DHRS13
800,Lrrc25,KCTD4
801,Slc5a5,PTCHD1
802,Gtpbp3,AGRN
803,Plvap,CTXN3
804,Tom1,NEDD9
805,Il15,CCDC112
806,Neto2,POSTN
807,Gm2694,KL
808,Tox3,FBXL19
809,Dok4,BCL7C
810,Mmp15,FAM57B
811,Elmo3,HAUS6
812,Il34,FRMPD4
813,Adat1,NFIB
814,Cdh13,IGFBP3
815,Wfdc1,PFKP
816,Crispld2,SDC1
817,Zfp276,SLC8A3
818,Fanca,HR
819,1700054N08Rik,RBM47
820,Gria4,GPNMB
821,Casp12,SACS
822,AK129341,FGFBP1
823,Phxr4,OLIG1
824,Panx1,FSCN1
825,Zfp558,SEMA5A
826,Olfm2,KCNA1
827,Spc24,CHEK2
828,BC018242,KCNQ3
829,B3gat1,RNF180
830,Jam3,FANCA
831,AI414108,DNAH6
832,Opcml,PTPRN2
833,Kirrel3,LRP1B
834,Chek1,LAMA1
835,AW551984,FAM101A
836,Scn3b,HCAR2
837,Tmem136,LILRB4
838,Pvrl1,SAMD4A
839,Abcg4,SH2D2A
840,Phldb1,MYO1B
841,Fxyd6,OSBPL6
842,Dscaml1,WASF1
843,Tagln,PLD4
844,2310030G06Rik,GPR123
845,AI593442,RAB37
846,Lingo1,CD300LB
847,Cspg4,SCN3B
848,Sema7a,CD79B
849,Cd276,CYB561
850,Larp6,ANO4
851,Kif23,STEAP3
852,Paqr5,DENND2C
853,Calml4,PLXNA1
854,Smad6,LONRF2
855,Zwilch,HMMR
856,Megf11,ELMO3
857,Parp16,GPC3
858,Snx22,KIF7
859,Car12,ACTN1
860,Pygo1,ANKLE1
861,Gsta4,DNASE1L3
862,D430036J16Rik,ACYP2
863,Spsb4,EFCAB5
864,Poc1a,ANKRD13B
865,Dock3,TGFB1I1
866,Traip,KIF20A
867,Itga9,ZBTB46
868,Xylb,SLC16A9
869,Kif15,PAQR5
870,Tmem158,SULT1A1
871,Nudt11,TRPS1
872,Nudt10,MTHFD2L
873,Clcn5,ST8SIA1
874,Ppp1r3f,PDE1C
875,Gpr34,MGST1
876,Ndp,SOX6
877,Slc9a7,CCDC125
878,Cfp,AMPD3
879,Fam70a,CD72
880,Gria3,SOX10
881,Zdhhc9,CARD11
882,Rab33a,HRH1
883,6720401G13Rik,CCNF
884,Frmd7,ITIH5
885,Gpc3,SFMBT2
886,Slitrk2,FOXRED2
887,Mamld1,MPST
888,Atp2b3,NOXO1
889,Plxnb3,MYCL
890,Plxna3,CNTN4
891,Rab39b,LYPD1
892,Prrg1,MBLAC1
893,Gspt2,PPAPDC1A
894,Spin4,MPP3
895,Kif4,STK32A
896,Slc7a3,PCDHGB7
897,Nlgn3,COL25A1
898,Gjb1,AIFM3
899,Zdhhc15,MDGA2
900,Rps6ka6,TMEM26
901,Zfp711,ENHO
902,Dach2,RUNX3
903,Pcdh11x,DSCAM
904,Pcdh19,NCAM2
905,Cenpi,RBM11
906,Armcx4,KLHDC7A
907,Armcx6,CCDC18
908,Tceal6,IL18BP
909,Arxes1,HPSE
910,BC065397,ZBTB40
911,Rab9b,AKAP12
912,Pak3,NXPH1
913,Dcx,GAREML
914,Lrch2,DERL3
915,Alas2,TRIM66
916,Kctd12b,PYCR1
917,Ptchd1,SLC22A23
918,Siah1b,FAH
919,Frmpd4,ELFN2
920,Mid1,POP1
921,Rgs20,DNASE1
922,2010300C02Rik,CEBPD
923,Stk17b,LRRTM4
924,Icos,ZC3H12D
925,Adam23,SH3BP4
926,Klf7,ITGA6
927,Fn1,MEGF11
928,Htr2b,PSTPIP2
929,B3gnt7,BRDT
930,Col6a3,RARG
931,Per2,CHEK1
932,Gpc1,NSG1
933,Pam,DCC
934,Ikbke,NPNT
935,Fam72a,TBXAS1
936,5430435G22Rik,SEMA5B
937,Nfasc,DSN1
938,Ptpn7,CLEC2L
939,Rgs18,ATCAY
940,Sell,ZNF692
941,Rxrg,CCDC36
942,Nos1ap,PPIL6
943,Cd244,NLGN1
944,Pydc3,SLC4A10
945,Mndal,LHFPL3
946,Ifi203,FGFR1
947,Ifi205,KIFC1
948,Enah,FAM19A2
949,Capn2,KCNK2
950,Akap12,KCTD15
951,Syne1,CMYA5
952,Lrp11,TMEM51
953,Zc3h12d,MTFR2
954,9130014G24Rik,MAPKAPK3
955,Stx11,GRIK2
956,Fam54a,PERP
957,1700020N01Rik,LRRN3
958,Arg1,IL34
959,Fyn,ARL13A
960,Cd24a,TNF
961,Aim1,CYR61
962,Gp49a,PLAC8
963,Lilrb4,MXD3
964,Aifm2,KBTBD8
965,Tmem26,WEE1
966,Ank3,GRAMD1B
967,Fam13c,SIGIRR
968,Derl3,TENM1
969,Gadd45b,ARMCX4
970,Hcfc2,CCBE1
971,Ascl4,SCHIP1
972,Igf1,CDC45
973,Anks1b,SLC4A8
974,Mir1931,NT5DC2
975,Plxnc1,PRAM1
976,Lyz1,ABTB2
977,Lrig3,ZSCAN2
978,Zbtb39,FIGNL1
979,Mip,BEND3
980,Dusp18,TOM1
981,Acyp2,HJURP
982,Atp10b,MAMLD1
983,Il12b,SESTD1
984,Adam19,GTSE1
985,Cyfip2,ZNF276
986,Gm12185,PUS7L
987,Tgtp1,C4B
988,Ifi47,TGFBI
989,4933439C10Rik,NELL2
990,Nlrp3,STK33
991,Sox15,PLTP
992,Clec10a,DUSP7
993,Nlrp1a,VWA1
994,Itgae,PCBP4
995,Rtn4rl1,ST6GALNAC5
996,Serpinf1,PPM1L
997,Unc119,MCM10
998,Gm11201,CHCHD10
999,Myo1d,PTRH1
1000,Tmem98,PURG
1001,Cct6b,PTK7
1002,Slfn1,CDKN2A
1003,Cuedc1,PEG10
1004,Mycbpap,CALML4
1005,Hoxb4,CCDC14
1006,Rara,CST7
1007,Igfbp4,NACAD
1008,Ccr7,PIEZO2
1009,Zfp385c,SORCS2
1010,Ptrf,TMEM158
1011,Vat1,LPHN3
1012,Rnd2,SH3TC2
1013,Meox1,SAMD14
1014,Pecam1,FBN2
1015,LOC100503496,SERINC5
1016,Cd300lb,PCP4L1
1017,Rab37,TNIP3
1018,9-Sep,PBK
1019,Socs3,PCDHGB6
1020,Metrnl,FBXO41
1021,Rnf144a,CCNE2
1022,Pygl,TENM2
1023,Actn1,FAM196A
1024,Batf,PCDHGA5
1025,2610021K21Rik,SNTG1
1026,Gpr68,BAI1
1027,Fbln5,TAGLN
1028,5033406O09Rik,SPRN
1029,Gpr132,B3GAT1
1030,Pfkp,RAP1GAP
1031,Hist1h1b,GPR68
1032,Hist1h3d,USP50
1033,Fam65b,KIRREL3
1034,Nedd9,EPS8L2
1035,Gm2848,CACNG5
1036,Nfil3,FZD3
1037,Sncb,MANSC1
1038,Mxd3,PDE10A
1039,Tgfbi,HHAT
1040,Gas1,NOVA1
1041,Ctla2a,TRERF1
1042,Zfp459,TIFAB
1043,Cmya5,PCDH7
1044,Iqgap2,SALL3
1045,Rgnef,ARHGEF28
1046,Ccdc125,TMTC1
1047,Pde4d,CDCA3
1048,Plk2,ACVR1B
1049,Emb,PLXNB3
1050,Gm7120,APC2
1051,Dnase1l3,GPR17
1052,Nt5dc2,BCAT1
1053,Ptger2,SLCO1C1
1054,Samd4,GALNT6
1055,Lgals3,PDGFRL
1056,Gm16617,PRRG1
1057,Mir16-1,ARMCX6
1058,Fzd3,CYFIP2
1059,Sorbs3,EVI5L
1060,Tbc1d4,GAS2L3
1061,Dab2,ANKS1B
1062,Trps1,FKBP11
1063,Fam84b,TIMELESS
1064,Myc,PROX2
1065,4930572J05Rik,NRXN3
1066,Ly6i,XRCC3
1067,Ly6a,ITGA7
1068,Ly6c2,ADAM8
1069,Plec,TMEM204
1070,Pdxp,NETO2
1071,Lgals1,MRC1
1072,Gm16576,ELFN1
1073,Fam109b,PECAM1
1074,Mapk8ip2,PCDHGA4
1075,Nell2,MMP12
1076,Troap,DPEP2
1077,Galnt6,WSCD1
1078,Slc4a8,BAHCC1
1079,Itgb7,CUEDC1
1080,Rarg,TMEM98
1081,Nlrc3,IKBKE
1082,Ciita,GREB1L
1083,Scarf2,SPC24
1084,Snora81,APOC1
1085,Apod,IER2
1086,Iqcg,RND2
1087,Cd80,APOC2
1088,Cd200r4,WTIP
1089,Btla,LRFN3
1090,Retnlg,SEMA6B
1091,B130034C11Rik,APOC4
1092,Olig1,ACP5
1093,1700102H20Rik,ANKDD1B
1094,Igf2r,CCDC61
1095,Zfp960,LRRC4B
1096,Mmp25,IL4I1
1097,2610019E17Rik,ZIK1
1098,Pim1,PCDHB16
1099,Cyp4f17,SYT6
1100,Pram1,SCARF2
1101,H2-DMb2,NR1H3
1102,H2-Ab1,KANK1
1103,H2-Aa,PCDHB9
1104,H2-Eb1,SYT16
1105,C2,AIFM2
1106,Tnf,EHD1
1107,H2-Q4,ECSCR
1108,H2-Q10,MYO19
1109,Ier3,MYC
1110,Pla2g7,ALOX5AP
1111,Runx2,COL19A1
1112,Trerf1,LSR
1113,Emr4,SRRM3
1114,Tubb4a,SLC9A7
1115,Tnfsf9,E2F8
1116,C3,GRIA3
1117,Ehd3,SPRY1
1118,Cdc25c,ABCG4
1119,Ecscr,FAM13C
1120,Hbegf,FXYD6
1121,Arhgap26,HSH2D
1122,Cdo1,CRABP2
1123,Ptprcap,FAM65B
1124,Ctsw,MTUS2
1125,Ltbp3,HIST1H2AB
1126,Batf2,TSPAN33
1127,Ehd1,PHF19
1128,Ahnak,CD24
1129,Gm98,SMTN
1130,Cd6,IFITM2
1131,Stx3,CDH4
1132,Gna14,CIITA
1133,Anxa1,
1134,Gda,
1135,Tmem2,
1136,Kank1,
1137,Ch25h,
1138,Myof,
1139,Gsto2,
1140,Adrb1,
1141,Itih5,
1142,Prkcq,
1143,Mrc1,
1144,Etl4,
1145,Il1rn,
1146,Ralgds,
1147,6530402F18Rik,
1148,Ptges2,
1149,Ptrh1,
1150,Phf19,
1151,Traf1,
1152,Gsn,
1153,Kynu,
1154,Lypd6,
1155,Rnd3,
1156,Tanc1,
1157,Slc4a10,
1158,Dpp4,
1159,Nr1h3,
1160,Ldlrad3,
1161,Cd59a,
1162,Aven,
1163,Atp8b4,
1164,Usp50,
1165,Il1b,
1166,Siglec1,
1167,Cst7,
1168,Id1,
1169,Tgm2,
1170,Ube2c,
1171,Pltp,
1172,Cd40,
1173,5031425F14Rik,
1174,B4galt5,
1175,Mocs3,
1176,Cass4,
1177,Col20a1,
1178,Zbtb46,
1179,Fabp5,
1180,Cldn11,
1181,Gpr171,
1182,Gucy1b3,
1183,Tmem154,
1184,Sh3d19,
1185,Sh2d2a,
1186,S100a6,
1187,S100a11,
1188,Anxa9,
1189,Ecm1,
1190,Cd2,
1191,Dennd2d,
1192,Csf1,
1193,Fndc7,
1194,Vav3,
1195,D3Bwg0562e,
1196,Arhgap29,
1197,Gbp5,
1198,Enho,
1199,E130306D19Rik,
1200,Glipr2,
1201,AI427809,
1202,Tnfsf8,
1203,Nfib,
1204,Cyp2j6,
1205,Dhcr24,
1206,Pdzk1ip1,
1207,Tctex1d4,
1208,Ptprf,
1209,Cdc20,
1210,Mycl1,
1211,Fabp3,
1212,Fgr,
1213,Nr0b2,
1214,Runx3,
1215,Id3,
1216,B330016D10Rik,
1217,Tmem82,
1218,Tmem51,
1219,Gm13139,
1220,Gpr153,
1221,Tnfrsf18,
1222,Abcb4,
1223,Cd38,
1224,Pcdh7,
1225,Arap2,
1226,Pdgfra,
1227,Stap1,
1228,Cxcl9,
1229,Cxcl11,
1230,Stbd1,
1231,Plac8,
1232,Hpse,
1233,Gbp8,
1234,Gbp6,
1235,Lrrc8c,
1236,Myl2,
1237,Niacr1,
1238,Hip1r,
1239,Hip1,
1240,Pilrb1,
1241,Pilrb2,
1242,Gjc3,
1243,Fam20c,
1244,Card11,
1245,Lmtk2,
1246,Flt1,
1247,Samd9l,
1248,Asb4,
1249,Tfec,
1250,A430107O13Rik,
1251,Impdh1,
1252,Cald1,
1253,Gpnmb,
1254,Tnip3,
1255,Plxna1,
1256,Bhlhe40,
1257,Plxnd1,
1258,Clec4a1,
1259,Cd4,
1260,Vwf,
1261,Ccnd2,
1262,Clec12a,
1263,Olr1,
1264,Bcl2l14,
1265,Plbd1,
1266,Mgst1,
1267,Bhlhe41,
1268,Fam60a,
1269,D030047H15Rik,
1270,Pglyrp1,
1271,Apoc2,
1272,Apoc4,
1273,Apoc1,
1274,Bcl3,
1275,Kcnn4,
1276,Plaur,
1277,Cd79a,
1278,Lsr,
1279,Wtip,
1280,Napsa,
1281,Il4i1,
1282,Snord35a,
1283,A330076H08Rik,
1284,Ndn,
1285,Anpep,
1286,Gm15880,
1287,Fah,
1288,Odz4,
1289,Folr2,
1290,Il18bp,
1291,Wee1,
1292,Ampd3,
1293,Mical2,
1294,Crym,
1295,Sbk1,
1296,1-Sep,
1297,Prss53,
1298,Tgfb1i1,
1299,Lrrc27,
1300,Adam8,
1301,Ifitm2,
1302,Sigirr,
1303,Tnfrsf26,
1304,Efnb2,
1305,F10,
1306,Arhgef10,
1307,Angpt2,
1308,Fgfr1,
1309,Rab11fip1,
1310,Dusp26,
1311,Msr1,
1312,Zdhhc2,
1313,Pdgfrl,
1314,Gm16675,
1315,Enpp6,
1316,Stox2,
1317,Nr2f6,
1318,Ankle1,
1319,Hsh2d,
1320,Calr3,
1321,Cd97,
1322,Il27ra,
1323,Ier2,
1324,4933436C20Rik,
1325,Pllp,
1326,Dpep2,
1327,Mlkl,
1328,Osgin1,
1329,Pard3,
1330,Mmp12,
1331,Acp5,
1332,Gramd1b,
1333,Cd3d,
1334,Amica1,
1335,Zbtb16,
1336,Uaca,
1337,Anxa2,
1338,Myo1e,
1339,Il20rb,
1340,Dusp7,
1341,Pcbp4,
1342,Mapkapk3,
1343,Gmppb,
1344,Ccdc36,
1345,Acvr2b,
1346,Xcr1,
1347,Ccr1,
1348,Ccr2,
1349,Mbnl3,
1350,4930502E18Rik,
1351,F630028O10Rik,
1352,Cxcr3,
1353,Arl13a,
1354,Reps2,
